[
  {
    "level": 2,
    "yPos": 200,
    "xPos": 200,
    "moves": 3,
    "health": 5
  },
  {
    "yPos": 223,
    "xPos": 123
  },
  {
    "yPos": 223,
    "xPos": 477
  },
  {
    "yPos": 377,
    "xPos": 477
  },
  {
    "yPos": 423,
    "xPos": 477
  },
  {
    "yPos": 577,
    "xPos": 277
  },
  {
    "yPos": 477,
    "xPos": 177
  },
  {
    "yPos": 177,
    "xPos": 19
  },
  {
    "yPos": 223,
    "xPos": 23
  },
  {
    "yPos": 177,
    "xPos": 577
  },
  {
    "yPos": 223,
    "xPos": 577
  },
  {
    "yPos": 377,
    "xPos": 577
  }
]